[
{
  "model": "shop.category",
  "pk": 1,
  "fields": {
    "name": "Phone",
    "slug": "phone"
  }
},
{
  "model": "shop.category",
  "pk": 3,
  "fields": {
    "name": "jean for men",
    "slug": "jean-for-men"
  }
},
{
  "model": "shop.category",
  "pk": 4,
  "fields": {
    "name": "shoes",
    "slug": "shoes"
  }
},
{
  "model": "shop.category",
  "pk": 5,
  "fields": {
    "name": "Earphone",
    "slug": "earphone"
  }
},
{
  "model": "shop.category",
  "pk": 6,
  "fields": {
    "name": "Laptop",
    "slug": "laptop"
  }
},
{
  "model": "shop.category",
  "pk": 7,
  "fields": {
    "name": "Charger",
    "slug": "charger"
  }
},
{
  "model": "shop.category",
  "pk": 8,
  "fields": {
    "name": "Fan",
    "slug": "fan"
  }
},
{
  "model": "shop.product",
  "pk": 2,
  "fields": {
    "category": 1,
    "name": "Samsung Galaxy",
    "slug": "samsung-galaxy",
    "image": "products/23/04/16/pexels-tracy-le-blanc-607812.jpg",
    "description": "Awesome Phone",
    "price": "19999.00",
    "available": true,
    "created": "2023-03-15T12:22:10.015Z",
    "updated": "2023-04-16T05:33:14.056Z"
  }
},
{
  "model": "shop.product",
  "pk": 4,
  "fields": {
    "category": 3,
    "name": "levis 511 for men",
    "slug": "levis-511-for-men",
    "image": "products/23/03/15/pexels-mica-asato-1082528.jpg",
    "description": "imply dummy text of the printing and typesetting industry. Lorem Ipsum has been the industry's standard dummy text ever since the 1500s, when an unknown printer took a galley of type and scrambled it to make a type specimen book. It has survived not only five centuries, but also the leap into electronic typesetting, remaining essentially unchanged.",
    "price": "4000.00",
    "available": true,
    "created": "2023-03-15T12:54:53.869Z",
    "updated": "2023-03-15T12:54:53.869Z"
  }
},
{
  "model": "shop.product",
  "pk": 5,
  "fields": {
    "category": 5,
    "name": "Ralme Earphone 300",
    "slug": "ralme-earphone-300",
    "image": "products/23/04/16/pexels-jess-bailey-designs-748599.jpg",
    "description": "warranty :2 years \r\nMaterial:plastic\r\nDrum Size:10db",
    "price": "399.00",
    "available": true,
    "created": "2023-04-16T05:26:23.474Z",
    "updated": "2023-04-16T05:32:03.803Z"
  }
},
{
  "model": "shop.product",
  "pk": 6,
  "fields": {
    "category": 6,
    "name": "Lenove v15",
    "slug": "lenove-v15",
    "image": "products/23/04/16/pexels-anna-tarazevich-5629144.jpg",
    "description": "Ram 8gb\r\nInternal Memory 500Gb(sdd)\r\nCamera 2px\r\nBody :plastic\r\nDimension :15  by 8 (inch)",
    "price": "40000.00",
    "available": true,
    "created": "2023-04-16T05:31:15.202Z",
    "updated": "2023-04-16T05:31:15.202Z"
  }
},
{
  "model": "orders.order",
  "pk": 1,
  "fields": {
    "first_name": "shafquet",
    "last_name": "Naghmi",
    "email": "naghmishafquet@gmail.com",
    "phone": "(852) 978-3742, press 91",
    "Address": "Ambedkar Hostel",
    "postal_code": "110025",
    "city": "Jamia Nagar",
    "created": "2023-03-20T10:49:37.299Z",
    "updated": "2023-03-20T10:49:37.299Z",
    "paid": false
  }
},
{
  "model": "orders.order",
  "pk": 2,
  "fields": {
    "first_name": "Shafquet",
    "last_name": "Naghmi",
    "email": "naghmishafquet@gmail.com",
    "phone": "(852) 978-3742",
    "Address": "Ambedkar Hostel,Jamia Nagar",
    "postal_code": "110025",
    "city": "Jamia Nagar",
    "created": "2023-03-20T11:53:01.124Z",
    "updated": "2023-03-20T11:53:01.124Z",
    "paid": false
  }
},
{
  "model": "orders.order",
  "pk": 3,
  "fields": {
    "first_name": "Shafquet",
    "last_name": "Naghmi",
    "email": "shafquetnaghmi@yahoo.com",
    "phone": "(852) 978-3742, press 91",
    "Address": "Ambedkar Hostel ,Jamia Nagar",
    "postal_code": "110025",
    "city": "Jamia Nagar",
    "created": "2023-03-23T12:08:13.348Z",
    "updated": "2023-03-23T12:08:13.348Z",
    "paid": false
  }
},
{
  "model": "orders.order",
  "pk": 4,
  "fields": {
    "first_name": "shafquet",
    "last_name": "Naghmi",
    "email": "shafquetnaghm@yahoo.com",
    "phone": "(852) 978-2742",
    "Address": "Ambedkar Hostel",
    "postal_code": "110025",
    "city": "Jamia Nagar",
    "created": "2023-03-23T12:15:38.750Z",
    "updated": "2023-03-23T12:15:38.750Z",
    "paid": false
  }
},
{
  "model": "orders.order",
  "pk": 5,
  "fields": {
    "first_name": "Ashar",
    "last_name": "Adeeb",
    "email": "shafquetnaghmi@yahoo.com",
    "phone": "(852) 978-3742",
    "Address": "Ambedkar Hostel",
    "postal_code": "110025",
    "city": "Jamia Nagar",
    "created": "2023-03-23T12:19:59.512Z",
    "updated": "2023-03-23T12:19:59.512Z",
    "paid": false
  }
},
{
  "model": "orders.order",
  "pk": 6,
  "fields": {
    "first_name": "shafquet",
    "last_name": "Naghmi",
    "email": "shafquetnaghmi@yahoo.com",
    "phone": "(852) 978-3742",
    "Address": "Ambedkar Hostel",
    "postal_code": "110025",
    "city": "Jamia Nagar",
    "created": "2023-03-23T12:44:31.301Z",
    "updated": "2023-03-23T12:44:31.301Z",
    "paid": false
  }
},
{
  "model": "orders.order",
  "pk": 7,
  "fields": {
    "first_name": "shafquet",
    "last_name": "Naghmi",
    "email": "shafquetnaghmi@yahoo.com",
    "phone": "(852) 978-3742",
    "Address": "Ambedkar Hostel",
    "postal_code": "110025",
    "city": "Jamia Nagar",
    "created": "2023-03-23T12:44:31.530Z",
    "updated": "2023-03-23T12:44:31.530Z",
    "paid": false
  }
},
{
  "model": "orders.order",
  "pk": 8,
  "fields": {
    "first_name": "shafquet",
    "last_name": "Naghmi",
    "email": "shafquetnaghmi@yahoo.com",
    "phone": "85299783742",
    "Address": "Ambedkar Hostel",
    "postal_code": "110025",
    "city": "Jamia Nagar",
    "created": "2023-03-23T13:10:42.025Z",
    "updated": "2023-03-23T13:10:42.025Z",
    "paid": false
  }
},
{
  "model": "orders.order",
  "pk": 9,
  "fields": {
    "first_name": "shafquet",
    "last_name": "Naghmi",
    "email": "shafquetnaghmi@yahoo.com",
    "phone": "(852) 978-3742",
    "Address": "sAaa",
    "postal_code": "110025",
    "city": "Jammia Nagar",
    "created": "2023-03-23T13:16:45.608Z",
    "updated": "2023-03-23T13:16:45.608Z",
    "paid": false
  }
},
{
  "model": "orders.order",
  "pk": 10,
  "fields": {
    "first_name": "shafquet",
    "last_name": "Naghmi",
    "email": "shafquetnaghmi@yahoo.com",
    "phone": "(852) 978-3742",
    "Address": "sAaa",
    "postal_code": "110025",
    "city": "Jammia Nagar",
    "created": "2023-03-23T13:16:48.711Z",
    "updated": "2023-03-23T13:16:48.711Z",
    "paid": false
  }
},
{
  "model": "orders.order",
  "pk": 11,
  "fields": {
    "first_name": "shafquet",
    "last_name": "Naghmi",
    "email": "shafquetnaghmi@yahoo.com",
    "phone": "(852) 978-3742",
    "Address": "Ambedkar Hostel",
    "postal_code": "110025",
    "city": "Jamia Nagar",
    "created": "2023-03-23T13:24:57.750Z",
    "updated": "2023-03-23T13:24:57.750Z",
    "paid": false
  }
},
{
  "model": "orders.order",
  "pk": 12,
  "fields": {
    "first_name": "shafquet",
    "last_name": "Naghmi",
    "email": "shafquetnaghmi@yahoo.com",
    "phone": "(852) 978-3742",
    "Address": "Ambedkar Hostel",
    "postal_code": "110025",
    "city": "Jamia Nagar",
    "created": "2023-03-25T08:38:30.512Z",
    "updated": "2023-03-25T08:38:30.512Z",
    "paid": false
  }
},
{
  "model": "orders.order",
  "pk": 13,
  "fields": {
    "first_name": "shafquet",
    "last_name": "Naghmi",
    "email": "shafquetnaghmi@yahoo.com",
    "phone": "(852) 978-3742",
    "Address": "Ambedkar Hostel",
    "postal_code": "110025",
    "city": "Jamia Nagar",
    "created": "2023-03-25T08:47:14.829Z",
    "updated": "2023-03-25T08:47:14.829Z",
    "paid": false
  }
},
{
  "model": "orders.order",
  "pk": 14,
  "fields": {
    "first_name": "Shafquet",
    "last_name": "Naghmi",
    "email": "shafquetnaghmi@yahoo.com",
    "phone": "(852) 978-3742",
    "Address": "Ambedkar Hostel",
    "postal_code": "110025",
    "city": "Jamia Nagar",
    "created": "2023-03-25T08:55:21.781Z",
    "updated": "2023-03-25T08:55:21.781Z",
    "paid": false
  }
},
{
  "model": "orders.order",
  "pk": 15,
  "fields": {
    "first_name": "shafquet",
    "last_name": "Naghmi",
    "email": "shafquetnaghmi@yahoo.com",
    "phone": "(852) 978-3742",
    "Address": "Ambedkar Hostel",
    "postal_code": "110025",
    "city": "Jamia Nagar",
    "created": "2023-03-25T09:25:24.853Z",
    "updated": "2023-03-25T09:25:24.853Z",
    "paid": false
  }
},
{
  "model": "orders.order",
  "pk": 16,
  "fields": {
    "first_name": "Shafquet",
    "last_name": "Naghmi",
    "email": "shafquetnaghmi@yahoo.com",
    "phone": "(852) 978-3742",
    "Address": "Ambedkar Hostel",
    "postal_code": "110025",
    "city": "Jamia Nagar",
    "created": "2023-03-25T09:26:44.950Z",
    "updated": "2023-03-25T09:26:44.950Z",
    "paid": false
  }
},
{
  "model": "orders.order",
  "pk": 17,
  "fields": {
    "first_name": "Ashhar",
    "last_name": "Adeeb",
    "email": "shafquetnaghmi@yahoo.com",
    "phone": "(852) 978-3742",
    "Address": "Ambekar Hostel",
    "postal_code": "110025",
    "city": "Jamia Nagar",
    "created": "2023-03-27T11:11:10.550Z",
    "updated": "2023-03-27T11:11:10.550Z",
    "paid": false
  }
},
{
  "model": "orders.order",
  "pk": 18,
  "fields": {
    "first_name": "Ashar",
    "last_name": "Adeeb",
    "email": "shafquetnaghmi@yahoo.com",
    "phone": "(852) 978-3742",
    "Address": "Jamia Nagar",
    "postal_code": "110025",
    "city": "Jamia Nagar",
    "created": "2023-03-27T11:25:49.664Z",
    "updated": "2023-03-27T11:25:49.664Z",
    "paid": false
  }
},
{
  "model": "orders.order",
  "pk": 19,
  "fields": {
    "first_name": "shafquet",
    "last_name": "Naghmi",
    "email": "shafquetnaghmi@yahoo.com",
    "phone": "(852) 978-3742",
    "Address": "Ambedkar Hostel",
    "postal_code": "110025",
    "city": "Jamia Nagar",
    "created": "2023-03-27T11:34:46.616Z",
    "updated": "2023-03-27T11:34:46.616Z",
    "paid": false
  }
},
{
  "model": "orders.order",
  "pk": 20,
  "fields": {
    "first_name": "Shafquet",
    "last_name": "Naghmi",
    "email": "shafquetnaghmi@yahoo.com",
    "phone": "(852) 978-3742",
    "Address": "Jamia Nagar",
    "postal_code": "110025",
    "city": "jamia agar",
    "created": "2023-03-27T11:35:55.684Z",
    "updated": "2023-03-27T11:35:55.684Z",
    "paid": false
  }
},
{
  "model": "orders.order",
  "pk": 21,
  "fields": {
    "first_name": "Shafquet",
    "last_name": "Naghmi",
    "email": "shafquetnaghmi@yahoo.com",
    "phone": "(852) 978-3742",
    "Address": "Ambedkar Hostel",
    "postal_code": "110025",
    "city": "Jamia Nagar",
    "created": "2023-03-27T11:50:30.542Z",
    "updated": "2023-03-27T11:51:24.611Z",
    "paid": true
  }
},
{
  "model": "orders.order",
  "pk": 22,
  "fields": {
    "first_name": "Shafquet",
    "last_name": "Naghmi",
    "email": "shafquetnnaghmi@yahoo.com",
    "phone": "(852) 978-3742",
    "Address": "Araria",
    "postal_code": "854311",
    "city": "Araria",
    "created": "2023-04-16T04:47:32.967Z",
    "updated": "2023-04-16T04:47:32.967Z",
    "paid": false
  }
},
{
  "model": "orders.order",
  "pk": 23,
  "fields": {
    "first_name": "Shafquet",
    "last_name": "Naghmi",
    "email": "shafquetnaghmi@yahoo.com",
    "phone": "(852) 978-3742",
    "Address": "Araria",
    "postal_code": "854311",
    "city": "Araria",
    "created": "2023-04-16T04:48:35.138Z",
    "updated": "2023-04-16T04:48:35.138Z",
    "paid": false
  }
},
{
  "model": "orders.order",
  "pk": 24,
  "fields": {
    "first_name": "Shafquet",
    "last_name": "Naghmi",
    "email": "shafquetnaghmi@yahoo.com",
    "phone": "(852) 978-3742",
    "Address": "Araria",
    "postal_code": "854311",
    "city": "Araria",
    "created": "2023-04-16T04:49:06.957Z",
    "updated": "2023-04-16T04:49:06.957Z",
    "paid": false
  }
},
{
  "model": "orders.order",
  "pk": 25,
  "fields": {
    "first_name": "Shafquet",
    "last_name": "Naghmi",
    "email": "shafquetnaghmi@yahoo.com",
    "phone": "(852) 978-3742",
    "Address": "Araria",
    "postal_code": "854311",
    "city": "Araria",
    "created": "2023-04-16T04:54:03.712Z",
    "updated": "2023-04-16T05:22:55.906Z",
    "paid": true
  }
},
{
  "model": "orders.order",
  "pk": 26,
  "fields": {
    "first_name": "shafquet",
    "last_name": "Naghmi",
    "email": "shafquetnaghmi@yahoo.com",
    "phone": "(852) 978-3742",
    "Address": "Araria",
    "postal_code": "854311",
    "city": "Araria",
    "created": "2023-04-17T07:04:09.222Z",
    "updated": "2023-04-17T07:04:09.222Z",
    "paid": false
  }
},
{
  "model": "orders.order",
  "pk": 27,
  "fields": {
    "first_name": "shafquet",
    "last_name": "Naghmi",
    "email": "shafquetnaghmi@yahoo.com",
    "phone": "08529783742",
    "Address": "Araria",
    "postal_code": "854311",
    "city": "Araria",
    "created": "2023-04-17T07:18:22.865Z",
    "updated": "2023-04-17T07:18:22.865Z",
    "paid": false
  }
},
{
  "model": "orders.order",
  "pk": 28,
  "fields": {
    "first_name": "shafquet",
    "last_name": "Naghmi",
    "email": "shafquetnaghmi@yahoo.com",
    "phone": "08529783742",
    "Address": "Araria",
    "postal_code": "854311",
    "city": "Araria",
    "created": "2023-04-17T07:18:25.382Z",
    "updated": "2023-04-17T07:18:25.382Z",
    "paid": false
  }
},
{
  "model": "orders.order",
  "pk": 29,
  "fields": {
    "first_name": "shafquet",
    "last_name": "Naghmi",
    "email": "shafquetnaghmi@yahoo.com",
    "phone": "(852) 978-3742",
    "Address": "Araria",
    "postal_code": "854311",
    "city": "Araria",
    "created": "2023-04-17T11:40:14.802Z",
    "updated": "2023-04-17T11:40:14.802Z",
    "paid": false
  }
},
{
  "model": "orders.order",
  "pk": 30,
  "fields": {
    "first_name": "shafquet",
    "last_name": "Naghmi",
    "email": "shafquetnaghmi@yahoo.com",
    "phone": "(852) 978-3742",
    "Address": "Araria",
    "postal_code": "854311",
    "city": "Araria",
    "created": "2023-04-17T11:40:20.518Z",
    "updated": "2023-04-17T11:40:20.518Z",
    "paid": false
  }
},
{
  "model": "orders.order",
  "pk": 31,
  "fields": {
    "first_name": "shafquet",
    "last_name": "Naghmi",
    "email": "shafquetnaghmi@yahoo.com",
    "phone": "(852) 978-3742",
    "Address": "Araria",
    "postal_code": "854311",
    "city": "Araria",
    "created": "2023-04-17T11:56:04.818Z",
    "updated": "2023-04-17T11:56:04.818Z",
    "paid": false
  }
},
{
  "model": "orders.order",
  "pk": 32,
  "fields": {
    "first_name": "Shafquet",
    "last_name": "Naghmi",
    "email": "shafquetnaghmi@yahoo.com",
    "phone": "(852) 978-3742",
    "Address": "Araria",
    "postal_code": "854311",
    "city": "Araria",
    "created": "2023-04-17T11:57:16.395Z",
    "updated": "2023-04-17T11:57:16.395Z",
    "paid": false
  }
},
{
  "model": "orders.order",
  "pk": 33,
  "fields": {
    "first_name": "Shafquet",
    "last_name": "Naghmi",
    "email": "shafquetnaghmi@yahoo.com",
    "phone": "(852) 978-3742",
    "Address": "Araria",
    "postal_code": "854311",
    "city": "Araria",
    "created": "2023-04-17T11:58:44.572Z",
    "updated": "2023-04-17T11:58:44.572Z",
    "paid": false
  }
},
{
  "model": "orders.order",
  "pk": 34,
  "fields": {
    "first_name": "shafquet",
    "last_name": "Naghmi",
    "email": "shafquetnaghmi@yahoo.com",
    "phone": "(852) 978-3742",
    "Address": "Araria",
    "postal_code": "854311",
    "city": "Araria",
    "created": "2023-04-17T12:02:07.567Z",
    "updated": "2023-04-17T12:02:07.567Z",
    "paid": false
  }
},
{
  "model": "orders.order",
  "pk": 35,
  "fields": {
    "first_name": "shafquet",
    "last_name": "Naghmi",
    "email": "shafquetnaghmi@yahoo.com",
    "phone": "(852) 978-3742",
    "Address": "Araria",
    "postal_code": "854311",
    "city": "Araria",
    "created": "2023-04-17T12:07:47.898Z",
    "updated": "2023-04-17T12:07:47.898Z",
    "paid": false
  }
},
{
  "model": "orders.order",
  "pk": 36,
  "fields": {
    "first_name": "shafquet",
    "last_name": "Naghmi",
    "email": "shafquetnaghmi@yahoo.com",
    "phone": "(852) 978-3742",
    "Address": "Araria",
    "postal_code": "854311",
    "city": "Araria",
    "created": "2023-04-17T12:11:32.206Z",
    "updated": "2023-04-18T06:13:12.313Z",
    "paid": true
  }
},
{
  "model": "orders.order",
  "pk": 37,
  "fields": {
    "first_name": "Shafquet",
    "last_name": "Naghmi",
    "email": "shafquetnaghmi@yahoo.com",
    "phone": "(852) 978-3742",
    "Address": "Araria",
    "postal_code": "854311",
    "city": "Araria",
    "created": "2023-04-17T12:12:54.250Z",
    "updated": "2023-04-17T12:12:54.250Z",
    "paid": false
  }
},
{
  "model": "orders.order",
  "pk": 38,
  "fields": {
    "first_name": "Shafquet",
    "last_name": "Naghmi",
    "email": "shafquetnaghmi@yahoo.com",
    "phone": "(852) 978-3742",
    "Address": "Araria",
    "postal_code": "854311",
    "city": "Araria",
    "created": "2023-04-17T12:15:24.492Z",
    "updated": "2023-04-17T12:15:24.492Z",
    "paid": false
  }
},
{
  "model": "orders.order",
  "pk": 39,
  "fields": {
    "first_name": "Shafquet",
    "last_name": "Naghmi",
    "email": "shafquetnaghmi@yahoo.com",
    "phone": "(852) 978-3742",
    "Address": "Araria",
    "postal_code": "854311",
    "city": "Araria",
    "created": "2023-04-17T12:20:21.053Z",
    "updated": "2023-04-17T12:20:21.053Z",
    "paid": false
  }
},
{
  "model": "orders.order",
  "pk": 40,
  "fields": {
    "first_name": "Shafquet",
    "last_name": "Naghmi",
    "email": "shafquetnaghmi@yahoo.com",
    "phone": "(852) 978-3742",
    "Address": "Araria",
    "postal_code": "854311",
    "city": "Araria",
    "created": "2023-04-17T12:22:27.079Z",
    "updated": "2023-04-17T12:22:27.079Z",
    "paid": false
  }
},
{
  "model": "orders.order",
  "pk": 41,
  "fields": {
    "first_name": "Shafquet",
    "last_name": "Naghmi",
    "email": "shafquetnaghmi@yahoo.com",
    "phone": "(852) 978-3742",
    "Address": "Araria",
    "postal_code": "854311",
    "city": "Araria",
    "created": "2023-04-17T16:18:00.279Z",
    "updated": "2023-04-17T16:18:00.279Z",
    "paid": false
  }
},
{
  "model": "orders.order",
  "pk": 42,
  "fields": {
    "first_name": "shafquet",
    "last_name": "Naghmi",
    "email": "shafquetnaghmi@yahoo.com",
    "phone": "(852) 978-3742",
    "Address": "Araria",
    "postal_code": "854311",
    "city": "Araria",
    "created": "2023-04-17T16:19:03.936Z",
    "updated": "2023-04-17T16:19:03.936Z",
    "paid": false
  }
},
{
  "model": "orders.order",
  "pk": 43,
  "fields": {
    "first_name": "Shafquet",
    "last_name": "Naghmi",
    "email": "shafquetnaghmi@yahoo.com",
    "phone": "(852) 978-3742",
    "Address": "Araria",
    "postal_code": "854311",
    "city": "Araria",
    "created": "2023-04-17T16:24:56.091Z",
    "updated": "2023-04-17T16:24:56.091Z",
    "paid": false
  }
},
{
  "model": "orders.order",
  "pk": 44,
  "fields": {
    "first_name": "shafquet",
    "last_name": "Naghmi",
    "email": "shafquetnaghmi@yahoo.com",
    "phone": "(852) 978-3742",
    "Address": "araria",
    "postal_code": "854311",
    "city": "Araria",
    "created": "2023-04-17T16:28:23.887Z",
    "updated": "2023-04-17T16:28:23.887Z",
    "paid": false
  }
},
{
  "model": "orders.order",
  "pk": 45,
  "fields": {
    "first_name": "shafquet",
    "last_name": "Naghmi",
    "email": "shafquetnaghmi@yahoo.com",
    "phone": "08529783742",
    "Address": "Araria",
    "postal_code": "854311",
    "city": "Araria",
    "created": "2023-04-17T16:30:02.851Z",
    "updated": "2023-04-17T16:30:02.851Z",
    "paid": false
  }
},
{
  "model": "orders.order",
  "pk": 46,
  "fields": {
    "first_name": "shafquet",
    "last_name": "Naghmi",
    "email": "shafquetnaghmi@yahoo.com",
    "phone": "(852) 978-3742",
    "Address": "araria",
    "postal_code": "854311",
    "city": "Araria",
    "created": "2023-04-17T16:30:21.087Z",
    "updated": "2023-04-17T16:30:21.087Z",
    "paid": false
  }
},
{
  "model": "orders.order",
  "pk": 47,
  "fields": {
    "first_name": "shafquet",
    "last_name": "Naghmi",
    "email": "shafquetnaghmi@yahoo.com",
    "phone": "08529783742",
    "Address": "Araria",
    "postal_code": "854311",
    "city": "Araria",
    "created": "2023-04-17T16:32:15.070Z",
    "updated": "2023-04-17T16:32:15.070Z",
    "paid": false
  }
},
{
  "model": "orders.order",
  "pk": 48,
  "fields": {
    "first_name": "shafquet",
    "last_name": "Naghmi",
    "email": "shafquetnaghmi@yahoo.com",
    "phone": "08529783742",
    "Address": "Araria",
    "postal_code": "854311",
    "city": "Araria",
    "created": "2023-04-17T16:32:32.464Z",
    "updated": "2023-04-17T16:32:32.464Z",
    "paid": false
  }
},
{
  "model": "orders.order",
  "pk": 49,
  "fields": {
    "first_name": "shafquet",
    "last_name": "Naghmi",
    "email": "shafquetnaghmi@yahoo.com",
    "phone": "08529783742",
    "Address": "Araria",
    "postal_code": "854311",
    "city": "Araria",
    "created": "2023-04-17T16:32:46.768Z",
    "updated": "2023-04-17T16:32:46.768Z",
    "paid": false
  }
},
{
  "model": "orders.order",
  "pk": 50,
  "fields": {
    "first_name": "shafquet",
    "last_name": "Naghmi",
    "email": "shafquetnaghmi@yahoo.com",
    "phone": "08529783742",
    "Address": "Araria",
    "postal_code": "854311",
    "city": "Araria",
    "created": "2023-04-17T17:37:23.056Z",
    "updated": "2023-04-17T17:37:23.056Z",
    "paid": false
  }
},
{
  "model": "orders.order",
  "pk": 51,
  "fields": {
    "first_name": "shafquet",
    "last_name": "Naghmi",
    "email": "shafquetnaghmi@yahoo.com",
    "phone": "08529783742",
    "Address": "Araria",
    "postal_code": "854311",
    "city": "Araria",
    "created": "2023-04-17T17:39:55.785Z",
    "updated": "2023-04-17T17:39:55.785Z",
    "paid": false
  }
},
{
  "model": "orders.order",
  "pk": 52,
  "fields": {
    "first_name": "shafquet",
    "last_name": "Naghmi",
    "email": "shafquetnaghmi@yahoo.com",
    "phone": "08529783742",
    "Address": "Araria",
    "postal_code": "854311",
    "city": "Araria",
    "created": "2023-04-17T17:40:21.726Z",
    "updated": "2023-04-17T17:40:21.726Z",
    "paid": false
  }
},
{
  "model": "orders.order",
  "pk": 53,
  "fields": {
    "first_name": "shafquet",
    "last_name": "Naghmi",
    "email": "shafquetnaghmi@yahoo.com",
    "phone": "08529783742",
    "Address": "Araria",
    "postal_code": "854311",
    "city": "Araria",
    "created": "2023-04-17T17:51:09.394Z",
    "updated": "2023-04-17T17:51:09.394Z",
    "paid": false
  }
},
{
  "model": "orders.order",
  "pk": 54,
  "fields": {
    "first_name": "shafquet",
    "last_name": "Naghmi",
    "email": "shafquetnaghmi@yahoo.com",
    "phone": "08529783742",
    "Address": "Araria",
    "postal_code": "854311",
    "city": "Araria",
    "created": "2023-04-17T17:52:56.420Z",
    "updated": "2023-04-17T17:52:56.420Z",
    "paid": false
  }
},
{
  "model": "orders.order",
  "pk": 55,
  "fields": {
    "first_name": "shafquet",
    "last_name": "Naghmi",
    "email": "shafquetnaghmi@yahoo.com",
    "phone": "08529783742",
    "Address": "Araria",
    "postal_code": "854311",
    "city": "Araria",
    "created": "2023-04-17T18:08:19.092Z",
    "updated": "2023-04-17T18:08:19.092Z",
    "paid": false
  }
},
{
  "model": "orders.order",
  "pk": 56,
  "fields": {
    "first_name": "shafquet",
    "last_name": "Naghmi",
    "email": "shafquetnaghmi@yahoo.com",
    "phone": "08529783742",
    "Address": "Araria",
    "postal_code": "854311",
    "city": "Araria",
    "created": "2023-04-17T18:08:40.022Z",
    "updated": "2023-04-17T18:08:40.022Z",
    "paid": false
  }
},
{
  "model": "orders.order",
  "pk": 57,
  "fields": {
    "first_name": "shafquet",
    "last_name": "Naghmi",
    "email": "shafquetnaghmi@yahoo.com",
    "phone": "08529783742",
    "Address": "Araria",
    "postal_code": "854311",
    "city": "Araria",
    "created": "2023-04-17T18:13:06.664Z",
    "updated": "2023-04-17T18:13:06.664Z",
    "paid": false
  }
},
{
  "model": "orders.order",
  "pk": 58,
  "fields": {
    "first_name": "shafquet",
    "last_name": "Naghmi",
    "email": "shafquetnaghmi@yahoo.com",
    "phone": "08529783742",
    "Address": "Araria",
    "postal_code": "854311",
    "city": "Araria",
    "created": "2023-04-17T18:18:07.613Z",
    "updated": "2023-04-17T18:18:07.613Z",
    "paid": false
  }
},
{
  "model": "orders.order",
  "pk": 59,
  "fields": {
    "first_name": "shafquet",
    "last_name": "Naghmi",
    "email": "shafquetnaghmi@yahoo.com",
    "phone": "08529783742",
    "Address": "Araria",
    "postal_code": "854311",
    "city": "Araria",
    "created": "2023-04-17T18:18:47.432Z",
    "updated": "2023-04-17T18:18:47.432Z",
    "paid": false
  }
},
{
  "model": "orders.order",
  "pk": 60,
  "fields": {
    "first_name": "shafquet",
    "last_name": "Naghmi",
    "email": "shafquetnaghmi@yahoo.com",
    "phone": "08529783742",
    "Address": "Araria",
    "postal_code": "854311",
    "city": "Araria",
    "created": "2023-04-17T18:19:48.204Z",
    "updated": "2023-04-17T18:19:48.204Z",
    "paid": false
  }
},
{
  "model": "orders.order",
  "pk": 61,
  "fields": {
    "first_name": "shafquet",
    "last_name": "Naghmi",
    "email": "shafquetnaghmi@yahoo.com",
    "phone": "08529783742",
    "Address": "Araria",
    "postal_code": "854311",
    "city": "Araria",
    "created": "2023-04-17T18:30:00.836Z",
    "updated": "2023-04-17T18:30:00.836Z",
    "paid": false
  }
},
{
  "model": "orders.order",
  "pk": 62,
  "fields": {
    "first_name": "shafquet",
    "last_name": "Naghmi",
    "email": "shafquetnaghmi@yahoo.com",
    "phone": "08529783742",
    "Address": "Araria",
    "postal_code": "854311",
    "city": "Araria",
    "created": "2023-04-17T18:30:48.189Z",
    "updated": "2023-04-17T18:30:48.189Z",
    "paid": false
  }
},
{
  "model": "orders.order",
  "pk": 63,
  "fields": {
    "first_name": "shafquet",
    "last_name": "Naghmi",
    "email": "shafquetnaghmi@yahoo.com",
    "phone": "08529783742",
    "Address": "Araria",
    "postal_code": "854311",
    "city": "Araria",
    "created": "2023-04-17T18:31:38.372Z",
    "updated": "2023-04-17T18:31:38.372Z",
    "paid": false
  }
},
{
  "model": "orders.order",
  "pk": 64,
  "fields": {
    "first_name": "shafquet",
    "last_name": "Naghmi",
    "email": "shafquetnaghmi@yahoo.com",
    "phone": "08529783742",
    "Address": "Araria",
    "postal_code": "854311",
    "city": "Araria",
    "created": "2023-04-17T18:33:20.143Z",
    "updated": "2023-04-17T18:33:20.143Z",
    "paid": false
  }
},
{
  "model": "orders.order",
  "pk": 65,
  "fields": {
    "first_name": "shafquet",
    "last_name": "Naghmi",
    "email": "shafquetnaghmi@yahoo.com",
    "phone": "08529783742",
    "Address": "Araria",
    "postal_code": "854311",
    "city": "Araria",
    "created": "2023-04-17T19:06:45.883Z",
    "updated": "2023-04-17T19:06:45.883Z",
    "paid": false
  }
},
{
  "model": "orders.order",
  "pk": 66,
  "fields": {
    "first_name": "shafquet",
    "last_name": "Naghmi",
    "email": "shafquetnaghmi@yahoo.com",
    "phone": "08529783742",
    "Address": "Araria",
    "postal_code": "854311",
    "city": "Araria",
    "created": "2023-04-17T19:29:59.936Z",
    "updated": "2023-04-17T19:29:59.936Z",
    "paid": false
  }
},
{
  "model": "orders.order",
  "pk": 67,
  "fields": {
    "first_name": "shafquet",
    "last_name": "Naghmi",
    "email": "shafquetnaghmi@yahoo.com",
    "phone": "08529783742",
    "Address": "Araria",
    "postal_code": "854311",
    "city": "Araria",
    "created": "2023-04-17T19:31:22.060Z",
    "updated": "2023-04-17T19:31:22.060Z",
    "paid": false
  }
},
{
  "model": "orders.order",
  "pk": 68,
  "fields": {
    "first_name": "shafquet",
    "last_name": "Naghmi",
    "email": "shafquetnaghmi@yahoo.com",
    "phone": "08529783742",
    "Address": "Araria",
    "postal_code": "854311",
    "city": "Araria",
    "created": "2023-04-17T19:31:42.975Z",
    "updated": "2023-04-17T19:31:42.975Z",
    "paid": false
  }
},
{
  "model": "orders.order",
  "pk": 69,
  "fields": {
    "first_name": "shafquet",
    "last_name": "Naghmi",
    "email": "shafquetnaghmi@yahoo.com",
    "phone": "08529783742",
    "Address": "Araria",
    "postal_code": "854311",
    "city": "Araria",
    "created": "2023-04-17T19:33:26.769Z",
    "updated": "2023-04-17T19:33:26.769Z",
    "paid": false
  }
},
{
  "model": "orders.order",
  "pk": 70,
  "fields": {
    "first_name": "shafquet",
    "last_name": "Naghmi",
    "email": "shafquetnaghmi@yahoo.com",
    "phone": "08529783742",
    "Address": "Araria",
    "postal_code": "854311",
    "city": "Araria",
    "created": "2023-04-17T19:34:01.933Z",
    "updated": "2023-04-17T19:34:01.933Z",
    "paid": false
  }
},
{
  "model": "orders.order",
  "pk": 71,
  "fields": {
    "first_name": "shafquet",
    "last_name": "Naghmi",
    "email": "shafquetnaghmi@yahoo.com",
    "phone": "08529783742",
    "Address": "Araria",
    "postal_code": "854311",
    "city": "Araria",
    "created": "2023-04-18T03:52:32.679Z",
    "updated": "2023-04-18T03:52:32.679Z",
    "paid": false
  }
},
{
  "model": "orders.order",
  "pk": 72,
  "fields": {
    "first_name": "shafquet",
    "last_name": "Naghmi",
    "email": "shafquetnaghmi@yahoo.com",
    "phone": "08529783742",
    "Address": "Araria",
    "postal_code": "854311",
    "city": "Araria",
    "created": "2023-04-18T03:57:52.700Z",
    "updated": "2023-04-18T03:57:52.700Z",
    "paid": false
  }
},
{
  "model": "orders.order",
  "pk": 73,
  "fields": {
    "first_name": "shafquet",
    "last_name": "Naghmi",
    "email": "shafquetnaghmi@yahoo.com",
    "phone": "08529783742",
    "Address": "Araria",
    "postal_code": "854311",
    "city": "Araria",
    "created": "2023-04-18T03:58:25.923Z",
    "updated": "2023-04-18T03:58:25.923Z",
    "paid": false
  }
},
{
  "model": "orders.order",
  "pk": 74,
  "fields": {
    "first_name": "shafquet",
    "last_name": "Naghmi",
    "email": "shafquetnaghmi@yahoo.com",
    "phone": "08529783742",
    "Address": "Araria",
    "postal_code": "854311",
    "city": "Araria",
    "created": "2023-04-18T03:58:54.998Z",
    "updated": "2023-04-18T03:58:54.998Z",
    "paid": false
  }
},
{
  "model": "orders.order",
  "pk": 75,
  "fields": {
    "first_name": "shafquet",
    "last_name": "Naghmi",
    "email": "shafquetnaghmi@yahoo.com",
    "phone": "08529783742",
    "Address": "Araria",
    "postal_code": "854311",
    "city": "Araria",
    "created": "2023-04-18T04:00:39.608Z",
    "updated": "2023-04-18T04:00:39.608Z",
    "paid": false
  }
},
{
  "model": "orders.order",
  "pk": 76,
  "fields": {
    "first_name": "shafquet",
    "last_name": "Naghmi",
    "email": "shafquetnaghmi@yahoo.com",
    "phone": "08529783742",
    "Address": "Araria",
    "postal_code": "854311",
    "city": "Araria",
    "created": "2023-04-18T04:03:53.871Z",
    "updated": "2023-04-18T04:03:53.871Z",
    "paid": false
  }
},
{
  "model": "orders.order",
  "pk": 77,
  "fields": {
    "first_name": "shafquet",
    "last_name": "Naghmi",
    "email": "shafquetnaghmi@yahoo.com",
    "phone": "08529783742",
    "Address": "Araria",
    "postal_code": "854311",
    "city": "Araria",
    "created": "2023-04-18T04:05:42.493Z",
    "updated": "2023-04-18T04:05:42.493Z",
    "paid": false
  }
},
{
  "model": "orders.order",
  "pk": 78,
  "fields": {
    "first_name": "shafquet",
    "last_name": "Naghmi",
    "email": "shafquetnaghmi@yahoo.com",
    "phone": "08529783742",
    "Address": "Araria",
    "postal_code": "854311",
    "city": "Araria",
    "created": "2023-04-18T04:06:40.449Z",
    "updated": "2023-04-18T04:06:40.449Z",
    "paid": false
  }
},
{
  "model": "orders.order",
  "pk": 79,
  "fields": {
    "first_name": "shafquet",
    "last_name": "Naghmi",
    "email": "shafquetnaghmi@yahoo.com",
    "phone": "08529783742",
    "Address": "Araria",
    "postal_code": "854311",
    "city": "Araria",
    "created": "2023-04-18T04:07:03.987Z",
    "updated": "2023-04-18T04:07:03.987Z",
    "paid": false
  }
},
{
  "model": "orders.order",
  "pk": 80,
  "fields": {
    "first_name": "shafquet",
    "last_name": "Naghmi",
    "email": "shafquetnaghmi@yahoo.com",
    "phone": "08529783742",
    "Address": "Araria",
    "postal_code": "854311",
    "city": "Araria",
    "created": "2023-04-18T04:18:37.417Z",
    "updated": "2023-04-18T04:18:37.417Z",
    "paid": false
  }
},
{
  "model": "orders.order",
  "pk": 81,
  "fields": {
    "first_name": "shafquet",
    "last_name": "Naghmi",
    "email": "shafquetnaghmi@yahoo.com",
    "phone": "08529783742",
    "Address": "Araria",
    "postal_code": "854311",
    "city": "Araria",
    "created": "2023-04-18T04:21:07.331Z",
    "updated": "2023-04-18T04:21:07.331Z",
    "paid": false
  }
},
{
  "model": "orders.order",
  "pk": 82,
  "fields": {
    "first_name": "shafquet",
    "last_name": "Naghmi",
    "email": "shafquetnaghmi@yahoo.com",
    "phone": "08529783742",
    "Address": "Araria",
    "postal_code": "854311",
    "city": "Araria",
    "created": "2023-04-18T04:24:17.793Z",
    "updated": "2023-04-18T04:24:17.793Z",
    "paid": false
  }
},
{
  "model": "orders.order",
  "pk": 83,
  "fields": {
    "first_name": "shafquet",
    "last_name": "Naghmi",
    "email": "shafquetnaghmi@yahoo.com",
    "phone": "08529783742",
    "Address": "Araria",
    "postal_code": "854311",
    "city": "Araria",
    "created": "2023-04-18T04:25:15.469Z",
    "updated": "2023-04-18T04:25:15.469Z",
    "paid": false
  }
},
{
  "model": "orders.order",
  "pk": 84,
  "fields": {
    "first_name": "shafquet",
    "last_name": "Naghmi",
    "email": "shafquetnaghmi@yahoo.com",
    "phone": "08529783742",
    "Address": "Araria",
    "postal_code": "854311",
    "city": "Araria",
    "created": "2023-04-18T04:32:50.257Z",
    "updated": "2023-04-18T04:32:50.257Z",
    "paid": false
  }
},
{
  "model": "orders.order",
  "pk": 85,
  "fields": {
    "first_name": "shafquet",
    "last_name": "Naghmi",
    "email": "shafquetnaghmi@yahoo.com",
    "phone": "08529783742",
    "Address": "Araria",
    "postal_code": "854311",
    "city": "Araria",
    "created": "2023-04-18T04:34:44.939Z",
    "updated": "2023-04-18T04:34:44.939Z",
    "paid": false
  }
},
{
  "model": "orders.order",
  "pk": 86,
  "fields": {
    "first_name": "shafquet",
    "last_name": "Naghmi",
    "email": "shafquetnaghmi@yahoo.com",
    "phone": "08529783742",
    "Address": "Araria",
    "postal_code": "854311",
    "city": "Araria",
    "created": "2023-04-18T04:35:04.323Z",
    "updated": "2023-04-18T04:35:04.323Z",
    "paid": false
  }
},
{
  "model": "orders.order",
  "pk": 87,
  "fields": {
    "first_name": "shafquet",
    "last_name": "Naghmi",
    "email": "shafquetnaghmi@yahoo.com",
    "phone": "08529783742",
    "Address": "Araria",
    "postal_code": "854311",
    "city": "Araria",
    "created": "2023-04-18T04:35:39.128Z",
    "updated": "2023-04-18T04:35:39.128Z",
    "paid": false
  }
},
{
  "model": "orders.order",
  "pk": 88,
  "fields": {
    "first_name": "shafquet",
    "last_name": "Naghmi",
    "email": "shafquetnaghmi@yahoo.com",
    "phone": "08529783742",
    "Address": "Araria",
    "postal_code": "854311",
    "city": "Araria",
    "created": "2023-04-18T04:36:47.540Z",
    "updated": "2023-04-18T04:36:47.540Z",
    "paid": false
  }
},
{
  "model": "orders.order",
  "pk": 89,
  "fields": {
    "first_name": "shafquet",
    "last_name": "Naghmi",
    "email": "shafquetnaghmi@yahoo.com",
    "phone": "08529783742",
    "Address": "Araria",
    "postal_code": "854311",
    "city": "Araria",
    "created": "2023-04-18T04:42:09.970Z",
    "updated": "2023-04-18T04:42:09.970Z",
    "paid": false
  }
},
{
  "model": "orders.order",
  "pk": 90,
  "fields": {
    "first_name": "shafquet",
    "last_name": "Naghmi",
    "email": "shafquetnaghmi@yahoo.com",
    "phone": "08529783742",
    "Address": "Araria",
    "postal_code": "854311",
    "city": "Araria",
    "created": "2023-04-18T04:42:48.452Z",
    "updated": "2023-04-18T04:42:48.452Z",
    "paid": false
  }
},
{
  "model": "orders.order",
  "pk": 91,
  "fields": {
    "first_name": "shafquet",
    "last_name": "Naghmi",
    "email": "shafquetnaghmi@yahoo.com",
    "phone": "08529783742",
    "Address": "Araria",
    "postal_code": "854311",
    "city": "Araria",
    "created": "2023-04-18T04:46:57.834Z",
    "updated": "2023-04-18T04:46:57.834Z",
    "paid": false
  }
},
{
  "model": "orders.order",
  "pk": 92,
  "fields": {
    "first_name": "shafquet",
    "last_name": "Naghmi",
    "email": "shafquetnaghmi@yahoo.com",
    "phone": "08529783742",
    "Address": "Araria",
    "postal_code": "854311",
    "city": "Araria",
    "created": "2023-04-18T04:47:12.438Z",
    "updated": "2023-04-18T04:47:12.438Z",
    "paid": false
  }
},
{
  "model": "orders.order",
  "pk": 93,
  "fields": {
    "first_name": "shafquet",
    "last_name": "Naghmi",
    "email": "shafquetnaghmi@yahoo.com",
    "phone": "08529783742",
    "Address": "Araria",
    "postal_code": "854311",
    "city": "Araria",
    "created": "2023-04-18T04:47:25.776Z",
    "updated": "2023-04-18T04:47:25.776Z",
    "paid": false
  }
},
{
  "model": "orders.order",
  "pk": 94,
  "fields": {
    "first_name": "shafquet",
    "last_name": "Naghmi",
    "email": "shafquetnaghmi@yahoo.com",
    "phone": "08529783742",
    "Address": "Araria",
    "postal_code": "854311",
    "city": "Araria",
    "created": "2023-04-18T04:55:43.554Z",
    "updated": "2023-04-18T04:55:43.554Z",
    "paid": false
  }
},
{
  "model": "orders.order",
  "pk": 95,
  "fields": {
    "first_name": "shafquet",
    "last_name": "Naghmi",
    "email": "shafquetnaghmi@yahoo.com",
    "phone": "08529783742",
    "Address": "Araria",
    "postal_code": "854311",
    "city": "Araria",
    "created": "2023-04-18T05:01:13.544Z",
    "updated": "2023-04-18T05:01:13.544Z",
    "paid": false
  }
},
{
  "model": "orders.order",
  "pk": 96,
  "fields": {
    "first_name": "shafquet",
    "last_name": "Naghmi",
    "email": "shafquetnaghmi@yahoo.com",
    "phone": "08529783742",
    "Address": "Araria",
    "postal_code": "854311",
    "city": "Araria",
    "created": "2023-04-18T05:22:35.085Z",
    "updated": "2023-04-18T05:50:56.554Z",
    "paid": true
  }
},
{
  "model": "orders.order",
  "pk": 97,
  "fields": {
    "first_name": "shafquet",
    "last_name": "Naghmi",
    "email": "shafquetnaghmi@yahoo.com",
    "phone": "08529783742",
    "Address": "Araria",
    "postal_code": "854311",
    "city": "Araria",
    "created": "2023-04-18T06:00:05.636Z",
    "updated": "2023-04-18T06:00:05.636Z",
    "paid": false
  }
},
{
  "model": "orders.order",
  "pk": 98,
  "fields": {
    "first_name": "shafquet",
    "last_name": "Naghmi",
    "email": "shafquetnaghmi@yahoo.com",
    "phone": "(852) 978-3742",
    "Address": "Araria",
    "postal_code": "854311",
    "city": "Araria",
    "created": "2023-04-18T06:14:11.104Z",
    "updated": "2023-04-18T06:14:11.104Z",
    "paid": false
  }
},
{
  "model": "orders.order",
  "pk": 99,
  "fields": {
    "first_name": "shafquet",
    "last_name": "Naghmi",
    "email": "shafquetnaghmi@yahoo.com",
    "phone": "08529783742",
    "Address": "Araria",
    "postal_code": "854311",
    "city": "Araria",
    "created": "2023-04-18T14:36:29.607Z",
    "updated": "2023-04-18T14:36:29.607Z",
    "paid": false
  }
},
{
  "model": "orders.order",
  "pk": 100,
  "fields": {
    "first_name": "shafquet",
    "last_name": "Naghmi",
    "email": "shafquetnaghmi@yahoo.com",
    "phone": "08529783742",
    "Address": "Araria",
    "postal_code": "854311",
    "city": "Araria",
    "created": "2023-04-18T14:58:19.216Z",
    "updated": "2023-04-18T14:58:19.216Z",
    "paid": false
  }
},
{
  "model": "orders.order",
  "pk": 101,
  "fields": {
    "first_name": "shafquet",
    "last_name": "Naghmi",
    "email": "shafquetnaghmi@yahoo.com",
    "phone": "08529783742",
    "Address": "Araria",
    "postal_code": "854311",
    "city": "Araria",
    "created": "2023-04-18T14:58:41.893Z",
    "updated": "2023-04-18T14:58:41.893Z",
    "paid": false
  }
},
{
  "model": "orders.order",
  "pk": 102,
  "fields": {
    "first_name": "shafquet",
    "last_name": "Naghmi",
    "email": "shafquetnaghmi@yahoo.com",
    "phone": "08529783742",
    "Address": "Araria",
    "postal_code": "854311",
    "city": "Araria",
    "created": "2023-04-18T14:59:08.955Z",
    "updated": "2023-04-18T14:59:08.955Z",
    "paid": false
  }
},
{
  "model": "orders.order",
  "pk": 103,
  "fields": {
    "first_name": "shafquet",
    "last_name": "Naghmi",
    "email": "shafquetnaghmi@yahoo.com",
    "phone": "(852) 978-3742",
    "Address": "Jamia Nagar",
    "postal_code": "324005",
    "city": "Jamia Nagar",
    "created": "2023-04-28T03:58:18.808Z",
    "updated": "2023-04-28T03:58:18.808Z",
    "paid": false
  }
},
{
  "model": "orders.order",
  "pk": 104,
  "fields": {
    "first_name": "shafquet",
    "last_name": "Naghmi",
    "email": "shafquetnaghmi@yahoo.com",
    "phone": "(852) 978-3742",
    "Address": "Jamia NAGAR",
    "postal_code": "854311",
    "city": "Jamia Nagar",
    "created": "2023-04-28T16:05:18.469Z",
    "updated": "2023-04-28T16:07:41.368Z",
    "paid": true
  }
},
{
  "model": "orders.orderitem",
  "pk": 1,
  "fields": {
    "order": 1,
    "product": 4,
    "price": "4000.00",
    "quantity": 1
  }
},
{
  "model": "orders.orderitem",
  "pk": 2,
  "fields": {
    "order": 1,
    "product": 2,
    "price": "19999.00",
    "quantity": 2
  }
},
{
  "model": "orders.orderitem",
  "pk": 3,
  "fields": {
    "order": 2,
    "product": 4,
    "price": "4000.00",
    "quantity": 2
  }
},
{
  "model": "orders.orderitem",
  "pk": 4,
  "fields": {
    "order": 2,
    "product": 2,
    "price": "19999.00",
    "quantity": 2
  }
},
{
  "model": "orders.orderitem",
  "pk": 5,
  "fields": {
    "order": 3,
    "product": 4,
    "price": "4000.00",
    "quantity": 3
  }
},
{
  "model": "orders.orderitem",
  "pk": 6,
  "fields": {
    "order": 4,
    "product": 4,
    "price": "4000.00",
    "quantity": 1
  }
},
{
  "model": "orders.orderitem",
  "pk": 7,
  "fields": {
    "order": 5,
    "product": 2,
    "price": "19999.00",
    "quantity": 1
  }
},
{
  "model": "orders.orderitem",
  "pk": 8,
  "fields": {
    "order": 6,
    "product": 2,
    "price": "19999.00",
    "quantity": 7
  }
},
{
  "model": "orders.orderitem",
  "pk": 9,
  "fields": {
    "order": 8,
    "product": 2,
    "price": "19999.00",
    "quantity": 5
  }
},
{
  "model": "orders.orderitem",
  "pk": 10,
  "fields": {
    "order": 9,
    "product": 4,
    "price": "4000.00",
    "quantity": 1
  }
},
{
  "model": "orders.orderitem",
  "pk": 11,
  "fields": {
    "order": 10,
    "product": 4,
    "price": "4000.00",
    "quantity": 1
  }
},
{
  "model": "orders.orderitem",
  "pk": 12,
  "fields": {
    "order": 11,
    "product": 2,
    "price": "19999.00",
    "quantity": 1
  }
},
{
  "model": "orders.orderitem",
  "pk": 13,
  "fields": {
    "order": 12,
    "product": 2,
    "price": "19999.00",
    "quantity": 1
  }
},
{
  "model": "orders.orderitem",
  "pk": 14,
  "fields": {
    "order": 12,
    "product": 4,
    "price": "4000.00",
    "quantity": 1
  }
},
{
  "model": "orders.orderitem",
  "pk": 15,
  "fields": {
    "order": 14,
    "product": 2,
    "price": "19999.00",
    "quantity": 1
  }
},
{
  "model": "orders.orderitem",
  "pk": 16,
  "fields": {
    "order": 15,
    "product": 4,
    "price": "4000.00",
    "quantity": 1
  }
},
{
  "model": "orders.orderitem",
  "pk": 17,
  "fields": {
    "order": 15,
    "product": 2,
    "price": "19999.00",
    "quantity": 1
  }
},
{
  "model": "orders.orderitem",
  "pk": 18,
  "fields": {
    "order": 16,
    "product": 4,
    "price": "4000.00",
    "quantity": 1
  }
},
{
  "model": "orders.orderitem",
  "pk": 19,
  "fields": {
    "order": 16,
    "product": 2,
    "price": "19999.00",
    "quantity": 1
  }
},
{
  "model": "orders.orderitem",
  "pk": 20,
  "fields": {
    "order": 17,
    "product": 2,
    "price": "19999.00",
    "quantity": 6
  }
},
{
  "model": "orders.orderitem",
  "pk": 21,
  "fields": {
    "order": 18,
    "product": 2,
    "price": "19999.00",
    "quantity": 7
  }
},
{
  "model": "orders.orderitem",
  "pk": 22,
  "fields": {
    "order": 20,
    "product": 2,
    "price": "19999.00",
    "quantity": 1
  }
},
{
  "model": "orders.orderitem",
  "pk": 23,
  "fields": {
    "order": 21,
    "product": 2,
    "price": "19999.00",
    "quantity": 20
  }
},
{
  "model": "orders.orderitem",
  "pk": 24,
  "fields": {
    "order": 22,
    "product": 2,
    "price": "19999.00",
    "quantity": 1
  }
},
{
  "model": "orders.orderitem",
  "pk": 25,
  "fields": {
    "order": 22,
    "product": 4,
    "price": "4000.00",
    "quantity": 3
  }
},
{
  "model": "orders.orderitem",
  "pk": 26,
  "fields": {
    "order": 23,
    "product": 2,
    "price": "19999.00",
    "quantity": 1
  }
},
{
  "model": "orders.orderitem",
  "pk": 27,
  "fields": {
    "order": 23,
    "product": 4,
    "price": "4000.00",
    "quantity": 3
  }
},
{
  "model": "orders.orderitem",
  "pk": 28,
  "fields": {
    "order": 24,
    "product": 2,
    "price": "19999.00",
    "quantity": 1
  }
},
{
  "model": "orders.orderitem",
  "pk": 29,
  "fields": {
    "order": 24,
    "product": 4,
    "price": "4000.00",
    "quantity": 3
  }
},
{
  "model": "orders.orderitem",
  "pk": 30,
  "fields": {
    "order": 25,
    "product": 2,
    "price": "19999.00",
    "quantity": 1
  }
},
{
  "model": "orders.orderitem",
  "pk": 31,
  "fields": {
    "order": 25,
    "product": 4,
    "price": "4000.00",
    "quantity": 3
  }
},
{
  "model": "orders.orderitem",
  "pk": 32,
  "fields": {
    "order": 26,
    "product": 6,
    "price": "40000.00",
    "quantity": 1
  }
},
{
  "model": "orders.orderitem",
  "pk": 33,
  "fields": {
    "order": 27,
    "product": 6,
    "price": "40000.00",
    "quantity": 1
  }
},
{
  "model": "orders.orderitem",
  "pk": 34,
  "fields": {
    "order": 28,
    "product": 6,
    "price": "40000.00",
    "quantity": 1
  }
},
{
  "model": "orders.orderitem",
  "pk": 35,
  "fields": {
    "order": 32,
    "product": 6,
    "price": "40000.00",
    "quantity": 1
  }
},
{
  "model": "orders.orderitem",
  "pk": 36,
  "fields": {
    "order": 32,
    "product": 5,
    "price": "399.00",
    "quantity": 1
  }
},
{
  "model": "orders.orderitem",
  "pk": 37,
  "fields": {
    "order": 33,
    "product": 6,
    "price": "40000.00",
    "quantity": 1
  }
},
{
  "model": "orders.orderitem",
  "pk": 38,
  "fields": {
    "order": 33,
    "product": 5,
    "price": "399.00",
    "quantity": 1
  }
},
{
  "model": "orders.orderitem",
  "pk": 39,
  "fields": {
    "order": 34,
    "product": 6,
    "price": "40000.00",
    "quantity": 1
  }
},
{
  "model": "orders.orderitem",
  "pk": 40,
  "fields": {
    "order": 34,
    "product": 5,
    "price": "399.00",
    "quantity": 1
  }
},
{
  "model": "orders.orderitem",
  "pk": 41,
  "fields": {
    "order": 35,
    "product": 6,
    "price": "40000.00",
    "quantity": 1
  }
},
{
  "model": "orders.orderitem",
  "pk": 42,
  "fields": {
    "order": 35,
    "product": 5,
    "price": "399.00",
    "quantity": 1
  }
},
{
  "model": "orders.orderitem",
  "pk": 43,
  "fields": {
    "order": 37,
    "product": 5,
    "price": "399.00",
    "quantity": 1
  }
},
{
  "model": "orders.orderitem",
  "pk": 44,
  "fields": {
    "order": 37,
    "product": 6,
    "price": "40000.00",
    "quantity": 1
  }
},
{
  "model": "orders.orderitem",
  "pk": 45,
  "fields": {
    "order": 38,
    "product": 5,
    "price": "399.00",
    "quantity": 1
  }
},
{
  "model": "orders.orderitem",
  "pk": 46,
  "fields": {
    "order": 38,
    "product": 6,
    "price": "40000.00",
    "quantity": 1
  }
},
{
  "model": "orders.orderitem",
  "pk": 47,
  "fields": {
    "order": 40,
    "product": 5,
    "price": "399.00",
    "quantity": 1
  }
},
{
  "model": "orders.orderitem",
  "pk": 48,
  "fields": {
    "order": 40,
    "product": 6,
    "price": "40000.00",
    "quantity": 1
  }
},
{
  "model": "orders.orderitem",
  "pk": 49,
  "fields": {
    "order": 41,
    "product": 5,
    "price": "399.00",
    "quantity": 1
  }
},
{
  "model": "orders.orderitem",
  "pk": 50,
  "fields": {
    "order": 41,
    "product": 6,
    "price": "40000.00",
    "quantity": 1
  }
},
{
  "model": "orders.orderitem",
  "pk": 51,
  "fields": {
    "order": 42,
    "product": 5,
    "price": "399.00",
    "quantity": 1
  }
},
{
  "model": "orders.orderitem",
  "pk": 52,
  "fields": {
    "order": 42,
    "product": 6,
    "price": "40000.00",
    "quantity": 1
  }
},
{
  "model": "orders.orderitem",
  "pk": 53,
  "fields": {
    "order": 43,
    "product": 5,
    "price": "399.00",
    "quantity": 1
  }
},
{
  "model": "orders.orderitem",
  "pk": 54,
  "fields": {
    "order": 43,
    "product": 6,
    "price": "40000.00",
    "quantity": 1
  }
},
{
  "model": "orders.orderitem",
  "pk": 55,
  "fields": {
    "order": 44,
    "product": 5,
    "price": "399.00",
    "quantity": 1
  }
},
{
  "model": "orders.orderitem",
  "pk": 56,
  "fields": {
    "order": 44,
    "product": 6,
    "price": "40000.00",
    "quantity": 1
  }
},
{
  "model": "orders.orderitem",
  "pk": 57,
  "fields": {
    "order": 45,
    "product": 6,
    "price": "40000.00",
    "quantity": 1
  }
},
{
  "model": "orders.orderitem",
  "pk": 58,
  "fields": {
    "order": 47,
    "product": 6,
    "price": "40000.00",
    "quantity": 1
  }
},
{
  "model": "orders.orderitem",
  "pk": 59,
  "fields": {
    "order": 49,
    "product": 6,
    "price": "40000.00",
    "quantity": 1
  }
},
{
  "model": "orders.orderitem",
  "pk": 60,
  "fields": {
    "order": 50,
    "product": 6,
    "price": "40000.00",
    "quantity": 1
  }
},
{
  "model": "orders.orderitem",
  "pk": 61,
  "fields": {
    "order": 51,
    "product": 6,
    "price": "40000.00",
    "quantity": 1
  }
},
{
  "model": "orders.orderitem",
  "pk": 62,
  "fields": {
    "order": 52,
    "product": 6,
    "price": "40000.00",
    "quantity": 1
  }
},
{
  "model": "orders.orderitem",
  "pk": 63,
  "fields": {
    "order": 53,
    "product": 6,
    "price": "40000.00",
    "quantity": 1
  }
},
{
  "model": "orders.orderitem",
  "pk": 64,
  "fields": {
    "order": 54,
    "product": 6,
    "price": "40000.00",
    "quantity": 1
  }
},
{
  "model": "orders.orderitem",
  "pk": 65,
  "fields": {
    "order": 55,
    "product": 6,
    "price": "40000.00",
    "quantity": 1
  }
},
{
  "model": "orders.orderitem",
  "pk": 66,
  "fields": {
    "order": 56,
    "product": 6,
    "price": "40000.00",
    "quantity": 1
  }
},
{
  "model": "orders.orderitem",
  "pk": 67,
  "fields": {
    "order": 57,
    "product": 6,
    "price": "40000.00",
    "quantity": 1
  }
},
{
  "model": "orders.orderitem",
  "pk": 68,
  "fields": {
    "order": 58,
    "product": 6,
    "price": "40000.00",
    "quantity": 1
  }
},
{
  "model": "orders.orderitem",
  "pk": 69,
  "fields": {
    "order": 60,
    "product": 6,
    "price": "40000.00",
    "quantity": 1
  }
},
{
  "model": "orders.orderitem",
  "pk": 70,
  "fields": {
    "order": 61,
    "product": 6,
    "price": "40000.00",
    "quantity": 1
  }
},
{
  "model": "orders.orderitem",
  "pk": 71,
  "fields": {
    "order": 62,
    "product": 6,
    "price": "40000.00",
    "quantity": 1
  }
},
{
  "model": "orders.orderitem",
  "pk": 72,
  "fields": {
    "order": 64,
    "product": 6,
    "price": "40000.00",
    "quantity": 1
  }
},
{
  "model": "orders.orderitem",
  "pk": 73,
  "fields": {
    "order": 65,
    "product": 6,
    "price": "40000.00",
    "quantity": 1
  }
},
{
  "model": "orders.orderitem",
  "pk": 74,
  "fields": {
    "order": 66,
    "product": 6,
    "price": "40000.00",
    "quantity": 1
  }
},
{
  "model": "orders.orderitem",
  "pk": 75,
  "fields": {
    "order": 67,
    "product": 6,
    "price": "40000.00",
    "quantity": 1
  }
},
{
  "model": "orders.orderitem",
  "pk": 76,
  "fields": {
    "order": 68,
    "product": 6,
    "price": "40000.00",
    "quantity": 1
  }
},
{
  "model": "orders.orderitem",
  "pk": 77,
  "fields": {
    "order": 73,
    "product": 6,
    "price": "40000.00",
    "quantity": 1
  }
},
{
  "model": "orders.orderitem",
  "pk": 78,
  "fields": {
    "order": 77,
    "product": 6,
    "price": "40000.00",
    "quantity": 1
  }
},
{
  "model": "orders.orderitem",
  "pk": 79,
  "fields": {
    "order": 78,
    "product": 6,
    "price": "40000.00",
    "quantity": 1
  }
},
{
  "model": "orders.orderitem",
  "pk": 80,
  "fields": {
    "order": 79,
    "product": 6,
    "price": "40000.00",
    "quantity": 1
  }
},
{
  "model": "orders.orderitem",
  "pk": 81,
  "fields": {
    "order": 83,
    "product": 6,
    "price": "40000.00",
    "quantity": 1
  }
},
{
  "model": "orders.orderitem",
  "pk": 82,
  "fields": {
    "order": 84,
    "product": 6,
    "price": "40000.00",
    "quantity": 1
  }
},
{
  "model": "orders.orderitem",
  "pk": 83,
  "fields": {
    "order": 88,
    "product": 6,
    "price": "40000.00",
    "quantity": 1
  }
},
{
  "model": "orders.orderitem",
  "pk": 84,
  "fields": {
    "order": 91,
    "product": 6,
    "price": "40000.00",
    "quantity": 1
  }
},
{
  "model": "orders.orderitem",
  "pk": 85,
  "fields": {
    "order": 92,
    "product": 6,
    "price": "40000.00",
    "quantity": 1
  }
},
{
  "model": "orders.orderitem",
  "pk": 86,
  "fields": {
    "order": 93,
    "product": 6,
    "price": "40000.00",
    "quantity": 1
  }
},
{
  "model": "orders.orderitem",
  "pk": 87,
  "fields": {
    "order": 94,
    "product": 6,
    "price": "40000.00",
    "quantity": 1
  }
},
{
  "model": "orders.orderitem",
  "pk": 88,
  "fields": {
    "order": 95,
    "product": 5,
    "price": "399.00",
    "quantity": 1
  }
},
{
  "model": "orders.orderitem",
  "pk": 89,
  "fields": {
    "order": 97,
    "product": 5,
    "price": "399.00",
    "quantity": 1
  }
},
{
  "model": "orders.orderitem",
  "pk": 90,
  "fields": {
    "order": 98,
    "product": 2,
    "price": "19999.00",
    "quantity": 1
  }
},
{
  "model": "orders.orderitem",
  "pk": 91,
  "fields": {
    "order": 99,
    "product": 5,
    "price": "399.00",
    "quantity": 3
  }
},
{
  "model": "orders.orderitem",
  "pk": 92,
  "fields": {
    "order": 100,
    "product": 5,
    "price": "399.00",
    "quantity": 3
  }
},
{
  "model": "orders.orderitem",
  "pk": 93,
  "fields": {
    "order": 100,
    "product": 4,
    "price": "4000.00",
    "quantity": 1
  }
},
{
  "model": "orders.orderitem",
  "pk": 94,
  "fields": {
    "order": 101,
    "product": 5,
    "price": "399.00",
    "quantity": 3
  }
},
{
  "model": "orders.orderitem",
  "pk": 95,
  "fields": {
    "order": 101,
    "product": 4,
    "price": "4000.00",
    "quantity": 1
  }
},
{
  "model": "orders.orderitem",
  "pk": 96,
  "fields": {
    "order": 102,
    "product": 5,
    "price": "399.00",
    "quantity": 3
  }
},
{
  "model": "orders.orderitem",
  "pk": 97,
  "fields": {
    "order": 102,
    "product": 4,
    "price": "4000.00",
    "quantity": 1
  }
},
{
  "model": "orders.orderitem",
  "pk": 98,
  "fields": {
    "order": 103,
    "product": 6,
    "price": "40000.00",
    "quantity": 1
  }
},
{
  "model": "orders.orderitem",
  "pk": 99,
  "fields": {
    "order": 104,
    "product": 5,
    "price": "399.00",
    "quantity": 1
  }
},
{
  "model": "admin.logentry",
  "pk": 1,
  "fields": {
    "action_time": "2023-03-15T11:48:17.372Z",
    "user": 1,
    "content_type": 1,
    "object_id": "1",
    "object_repr": "Phone",
    "action_flag": 1,
    "change_message": "[{\"added\": {}}]"
  }
},
{
  "model": "admin.logentry",
  "pk": 2,
  "fields": {
    "action_time": "2023-03-15T11:49:04.407Z",
    "user": 1,
    "content_type": 2,
    "object_id": "1",
    "object_repr": "Samsung Galaxy",
    "action_flag": 1,
    "change_message": "[{\"added\": {}}]"
  }
},
{
  "model": "admin.logentry",
  "pk": 3,
  "fields": {
    "action_time": "2023-03-15T12:21:43.882Z",
    "user": 1,
    "content_type": 2,
    "object_id": "1",
    "object_repr": "Samsung Galaxy",
    "action_flag": 3,
    "change_message": ""
  }
},
{
  "model": "admin.logentry",
  "pk": 4,
  "fields": {
    "action_time": "2023-03-15T12:22:10.018Z",
    "user": 1,
    "content_type": 2,
    "object_id": "2",
    "object_repr": "Samsung Galaxy",
    "action_flag": 1,
    "change_message": "[{\"added\": {}}]"
  }
},
{
  "model": "admin.logentry",
  "pk": 5,
  "fields": {
    "action_time": "2023-03-15T12:22:25.583Z",
    "user": 1,
    "content_type": 2,
    "object_id": "2",
    "object_repr": "Samsung Galaxy",
    "action_flag": 2,
    "change_message": "[{\"changed\": {\"fields\": [\"Image\"]}}]"
  }
},
{
  "model": "admin.logentry",
  "pk": 6,
  "fields": {
    "action_time": "2023-03-15T12:50:13.542Z",
    "user": 1,
    "content_type": 1,
    "object_id": "2",
    "object_repr": "jeans",
    "action_flag": 1,
    "change_message": "[{\"added\": {}}]"
  }
},
{
  "model": "admin.logentry",
  "pk": 7,
  "fields": {
    "action_time": "2023-03-15T12:51:46.239Z",
    "user": 1,
    "content_type": 2,
    "object_id": "3",
    "object_repr": "levis 511 men jeans for men",
    "action_flag": 1,
    "change_message": "[{\"added\": {}}]"
  }
},
{
  "model": "admin.logentry",
  "pk": 8,
  "fields": {
    "action_time": "2023-03-15T12:53:34.243Z",
    "user": 1,
    "content_type": 1,
    "object_id": "2",
    "object_repr": "jeans for men",
    "action_flag": 2,
    "change_message": "[{\"changed\": {\"fields\": [\"Name\"]}}]"
  }
},
{
  "model": "admin.logentry",
  "pk": 9,
  "fields": {
    "action_time": "2023-03-15T12:54:07.763Z",
    "user": 1,
    "content_type": 1,
    "object_id": "2",
    "object_repr": "jeans for men",
    "action_flag": 3,
    "change_message": ""
  }
},
{
  "model": "admin.logentry",
  "pk": 10,
  "fields": {
    "action_time": "2023-03-15T12:54:16.883Z",
    "user": 1,
    "content_type": 1,
    "object_id": "3",
    "object_repr": "jean for men",
    "action_flag": 1,
    "change_message": "[{\"added\": {}}]"
  }
},
{
  "model": "admin.logentry",
  "pk": 11,
  "fields": {
    "action_time": "2023-03-15T12:54:53.872Z",
    "user": 1,
    "content_type": 2,
    "object_id": "4",
    "object_repr": "levis 511 for men",
    "action_flag": 1,
    "change_message": "[{\"added\": {}}]"
  }
},
{
  "model": "admin.logentry",
  "pk": 12,
  "fields": {
    "action_time": "2023-04-16T05:23:45.704Z",
    "user": 1,
    "content_type": 1,
    "object_id": "4",
    "object_repr": "shoes",
    "action_flag": 1,
    "change_message": "[{\"added\": {}}]"
  }
},
{
  "model": "admin.logentry",
  "pk": 13,
  "fields": {
    "action_time": "2023-04-16T05:23:56.343Z",
    "user": 1,
    "content_type": 1,
    "object_id": "5",
    "object_repr": "Earphone",
    "action_flag": 1,
    "change_message": "[{\"added\": {}}]"
  }
},
{
  "model": "admin.logentry",
  "pk": 14,
  "fields": {
    "action_time": "2023-04-16T05:24:14.807Z",
    "user": 1,
    "content_type": 1,
    "object_id": "6",
    "object_repr": "Laptop",
    "action_flag": 1,
    "change_message": "[{\"added\": {}}]"
  }
},
{
  "model": "admin.logentry",
  "pk": 15,
  "fields": {
    "action_time": "2023-04-16T05:24:27.299Z",
    "user": 1,
    "content_type": 1,
    "object_id": "7",
    "object_repr": "Charger",
    "action_flag": 1,
    "change_message": "[{\"added\": {}}]"
  }
},
{
  "model": "admin.logentry",
  "pk": 16,
  "fields": {
    "action_time": "2023-04-16T05:24:41.270Z",
    "user": 1,
    "content_type": 1,
    "object_id": "8",
    "object_repr": "Fan",
    "action_flag": 1,
    "change_message": "[{\"added\": {}}]"
  }
},
{
  "model": "admin.logentry",
  "pk": 17,
  "fields": {
    "action_time": "2023-04-16T05:26:23.478Z",
    "user": 1,
    "content_type": 2,
    "object_id": "5",
    "object_repr": "Ralme Earphone 300",
    "action_flag": 1,
    "change_message": "[{\"added\": {}}]"
  }
},
{
  "model": "admin.logentry",
  "pk": 18,
  "fields": {
    "action_time": "2023-04-16T05:31:15.242Z",
    "user": 1,
    "content_type": 2,
    "object_id": "6",
    "object_repr": "Lenove v15",
    "action_flag": 1,
    "change_message": "[{\"added\": {}}]"
  }
},
{
  "model": "admin.logentry",
  "pk": 19,
  "fields": {
    "action_time": "2023-04-16T05:32:03.809Z",
    "user": 1,
    "content_type": 2,
    "object_id": "5",
    "object_repr": "Ralme Earphone 300",
    "action_flag": 2,
    "change_message": "[{\"changed\": {\"fields\": [\"Image\"]}}]"
  }
},
{
  "model": "admin.logentry",
  "pk": 20,
  "fields": {
    "action_time": "2023-04-16T05:32:43.811Z",
    "user": 1,
    "content_type": 2,
    "object_id": "2",
    "object_repr": "Samsung Galaxy",
    "action_flag": 2,
    "change_message": "[{\"changed\": {\"fields\": [\"Image\"]}}]"
  }
},
{
  "model": "admin.logentry",
  "pk": 21,
  "fields": {
    "action_time": "2023-04-16T05:33:14.058Z",
    "user": 1,
    "content_type": 2,
    "object_id": "2",
    "object_repr": "Samsung Galaxy",
    "action_flag": 2,
    "change_message": "[{\"changed\": {\"fields\": [\"Image\"]}}]"
  }
},
{
  "model": "auth.permission",
  "pk": 1,
  "fields": {
    "name": "Can add category",
    "content_type": 1,
    "codename": "add_category"
  }
},
{
  "model": "auth.permission",
  "pk": 2,
  "fields": {
    "name": "Can change category",
    "content_type": 1,
    "codename": "change_category"
  }
},
{
  "model": "auth.permission",
  "pk": 3,
  "fields": {
    "name": "Can delete category",
    "content_type": 1,
    "codename": "delete_category"
  }
},
{
  "model": "auth.permission",
  "pk": 4,
  "fields": {
    "name": "Can view category",
    "content_type": 1,
    "codename": "view_category"
  }
},
{
  "model": "auth.permission",
  "pk": 5,
  "fields": {
    "name": "Can add product",
    "content_type": 2,
    "codename": "add_product"
  }
},
{
  "model": "auth.permission",
  "pk": 6,
  "fields": {
    "name": "Can change product",
    "content_type": 2,
    "codename": "change_product"
  }
},
{
  "model": "auth.permission",
  "pk": 7,
  "fields": {
    "name": "Can delete product",
    "content_type": 2,
    "codename": "delete_product"
  }
},
{
  "model": "auth.permission",
  "pk": 8,
  "fields": {
    "name": "Can view product",
    "content_type": 2,
    "codename": "view_product"
  }
},
{
  "model": "auth.permission",
  "pk": 9,
  "fields": {
    "name": "Can add log entry",
    "content_type": 3,
    "codename": "add_logentry"
  }
},
{
  "model": "auth.permission",
  "pk": 10,
  "fields": {
    "name": "Can change log entry",
    "content_type": 3,
    "codename": "change_logentry"
  }
},
{
  "model": "auth.permission",
  "pk": 11,
  "fields": {
    "name": "Can delete log entry",
    "content_type": 3,
    "codename": "delete_logentry"
  }
},
{
  "model": "auth.permission",
  "pk": 12,
  "fields": {
    "name": "Can view log entry",
    "content_type": 3,
    "codename": "view_logentry"
  }
},
{
  "model": "auth.permission",
  "pk": 13,
  "fields": {
    "name": "Can add permission",
    "content_type": 4,
    "codename": "add_permission"
  }
},
{
  "model": "auth.permission",
  "pk": 14,
  "fields": {
    "name": "Can change permission",
    "content_type": 4,
    "codename": "change_permission"
  }
},
{
  "model": "auth.permission",
  "pk": 15,
  "fields": {
    "name": "Can delete permission",
    "content_type": 4,
    "codename": "delete_permission"
  }
},
{
  "model": "auth.permission",
  "pk": 16,
  "fields": {
    "name": "Can view permission",
    "content_type": 4,
    "codename": "view_permission"
  }
},
{
  "model": "auth.permission",
  "pk": 17,
  "fields": {
    "name": "Can add group",
    "content_type": 5,
    "codename": "add_group"
  }
},
{
  "model": "auth.permission",
  "pk": 18,
  "fields": {
    "name": "Can change group",
    "content_type": 5,
    "codename": "change_group"
  }
},
{
  "model": "auth.permission",
  "pk": 19,
  "fields": {
    "name": "Can delete group",
    "content_type": 5,
    "codename": "delete_group"
  }
},
{
  "model": "auth.permission",
  "pk": 20,
  "fields": {
    "name": "Can view group",
    "content_type": 5,
    "codename": "view_group"
  }
},
{
  "model": "auth.permission",
  "pk": 21,
  "fields": {
    "name": "Can add user",
    "content_type": 6,
    "codename": "add_user"
  }
},
{
  "model": "auth.permission",
  "pk": 22,
  "fields": {
    "name": "Can change user",
    "content_type": 6,
    "codename": "change_user"
  }
},
{
  "model": "auth.permission",
  "pk": 23,
  "fields": {
    "name": "Can delete user",
    "content_type": 6,
    "codename": "delete_user"
  }
},
{
  "model": "auth.permission",
  "pk": 24,
  "fields": {
    "name": "Can view user",
    "content_type": 6,
    "codename": "view_user"
  }
},
{
  "model": "auth.permission",
  "pk": 25,
  "fields": {
    "name": "Can add content type",
    "content_type": 7,
    "codename": "add_contenttype"
  }
},
{
  "model": "auth.permission",
  "pk": 26,
  "fields": {
    "name": "Can change content type",
    "content_type": 7,
    "codename": "change_contenttype"
  }
},
{
  "model": "auth.permission",
  "pk": 27,
  "fields": {
    "name": "Can delete content type",
    "content_type": 7,
    "codename": "delete_contenttype"
  }
},
{
  "model": "auth.permission",
  "pk": 28,
  "fields": {
    "name": "Can view content type",
    "content_type": 7,
    "codename": "view_contenttype"
  }
},
{
  "model": "auth.permission",
  "pk": 29,
  "fields": {
    "name": "Can add session",
    "content_type": 8,
    "codename": "add_session"
  }
},
{
  "model": "auth.permission",
  "pk": 30,
  "fields": {
    "name": "Can change session",
    "content_type": 8,
    "codename": "change_session"
  }
},
{
  "model": "auth.permission",
  "pk": 31,
  "fields": {
    "name": "Can delete session",
    "content_type": 8,
    "codename": "delete_session"
  }
},
{
  "model": "auth.permission",
  "pk": 32,
  "fields": {
    "name": "Can view session",
    "content_type": 8,
    "codename": "view_session"
  }
},
{
  "model": "auth.permission",
  "pk": 33,
  "fields": {
    "name": "Can add order",
    "content_type": 9,
    "codename": "add_order"
  }
},
{
  "model": "auth.permission",
  "pk": 34,
  "fields": {
    "name": "Can change order",
    "content_type": 9,
    "codename": "change_order"
  }
},
{
  "model": "auth.permission",
  "pk": 35,
  "fields": {
    "name": "Can delete order",
    "content_type": 9,
    "codename": "delete_order"
  }
},
{
  "model": "auth.permission",
  "pk": 36,
  "fields": {
    "name": "Can view order",
    "content_type": 9,
    "codename": "view_order"
  }
},
{
  "model": "auth.permission",
  "pk": 37,
  "fields": {
    "name": "Can add order item",
    "content_type": 10,
    "codename": "add_orderitem"
  }
},
{
  "model": "auth.permission",
  "pk": 38,
  "fields": {
    "name": "Can change order item",
    "content_type": 10,
    "codename": "change_orderitem"
  }
},
{
  "model": "auth.permission",
  "pk": 39,
  "fields": {
    "name": "Can delete order item",
    "content_type": 10,
    "codename": "delete_orderitem"
  }
},
{
  "model": "auth.permission",
  "pk": 40,
  "fields": {
    "name": "Can view order item",
    "content_type": 10,
    "codename": "view_orderitem"
  }
},
{
  "model": "auth.user",
  "pk": 1,
  "fields": {
    "password": "pbkdf2_sha256$390000$FS2WX0heaq3VZzQOlWaeTE$4iOiNrYRpAhHkClKIoC4crQ/Z20gvM6L4L3x1OxdTj8=",
    "last_login": "2023-04-16T04:57:16.872Z",
    "is_superuser": true,
    "username": "shafquetnaghmi",
    "first_name": "",
    "last_name": "",
    "email": "shafquetnaghmi@yahoo.com",
    "is_staff": true,
    "is_active": true,
    "date_joined": "2023-03-15T11:35:57.925Z",
    "groups": [],
    "user_permissions": []
  }
},
{
  "model": "contenttypes.contenttype",
  "pk": 1,
  "fields": {
    "app_label": "shop",
    "model": "category"
  }
},
{
  "model": "contenttypes.contenttype",
  "pk": 2,
  "fields": {
    "app_label": "shop",
    "model": "product"
  }
},
{
  "model": "contenttypes.contenttype",
  "pk": 3,
  "fields": {
    "app_label": "admin",
    "model": "logentry"
  }
},
{
  "model": "contenttypes.contenttype",
  "pk": 4,
  "fields": {
    "app_label": "auth",
    "model": "permission"
  }
},
{
  "model": "contenttypes.contenttype",
  "pk": 5,
  "fields": {
    "app_label": "auth",
    "model": "group"
  }
},
{
  "model": "contenttypes.contenttype",
  "pk": 6,
  "fields": {
    "app_label": "auth",
    "model": "user"
  }
},
{
  "model": "contenttypes.contenttype",
  "pk": 7,
  "fields": {
    "app_label": "contenttypes",
    "model": "contenttype"
  }
},
{
  "model": "contenttypes.contenttype",
  "pk": 8,
  "fields": {
    "app_label": "sessions",
    "model": "session"
  }
},
{
  "model": "contenttypes.contenttype",
  "pk": 9,
  "fields": {
    "app_label": "orders",
    "model": "order"
  }
},
{
  "model": "contenttypes.contenttype",
  "pk": 10,
  "fields": {
    "app_label": "orders",
    "model": "orderitem"
  }
},
{
  "model": "sessions.session",
  "pk": "2whj2l9gr2461opqaj9x6a83jm39eco9",
  "fields": {
    "session_data": "eyJjYXJ0Ijp7fX0:1peF4s:ZhdHVQOAdNETU3_sKuwUNH42wZXFaoPvu0C4axbdPRw",
    "expire_date": "2023-04-03T12:57:30.994Z"
  }
},
{
  "model": "sessions.session",
  "pk": "b5kct8mdtpjg1n31j97vxjk2d9xa7psi",
  "fields": {
    "session_data": ".eJxVjDkOwjAUBe_iGlnecSjpcwbrLzYOIEeKkwpxd4iUAto3M-8lEmxrTVvPS5pYXIQWp98NgR657YDv0G6zpLmty4RyV-RBuxxnzs_r4f4dVOj1Wwdm8lyMi5h1YeviYAdjDVEphNYrAB20hrNWKqpoTVDkwKOLWdnoUbw_7p43iA:1pdXHx:1UkUDmePdTMslhhB6vYFfhLLxaaamemUih1RS6AKFqQ",
    "expire_date": "2023-04-01T14:12:05.606Z"
  }
},
{
  "model": "sessions.session",
  "pk": "dl5z3shmmcv8t6mzd4jdxlyzk37t419z",
  "fields": {
    "session_data": "eyJvcmRlcl9pZCI6MTA0LCJjYXJ0Ijp7fX0:1psQdN:36DnKMd_7m8_p6Z9CWa0A_9cUqyH0U9N2TXubDxUhb8",
    "expire_date": "2023-05-12T16:07:45.702Z"
  }
},
{
  "model": "sessions.session",
  "pk": "k6n70sktgtvqncbt0lo87bv1hcaymbdn",
  "fields": {
    "session_data": ".eJxVTjkOgzAQ_MvWyPIFsSnT5w1ovWsCSWQSY4oI8feARJMppphLs8KUOeZuZGi9q6DDpQzdMp8SKPjTAtIzpsPgB6b7JGhKJY9BHBFxurO4TRxf1zP7NzDgPOzthplq7rV1IaqejXXeeG00Ud9TMLVEVI1SeFFSOumMbiRZrIN1URpXh32UMBdoV9AHfRZMZSxfaFUF7zxSPL77HUJK2LbtB08GSbE:1poecg:bkGDG7K35Z8yWVrd82hRDAdUyYAqdCbKYfqCeui266s",
    "expire_date": "2023-05-02T06:15:26.527Z"
  }
},
{
  "model": "sessions.session",
  "pk": "ogiehbb877693fpew2nwwflb620qgoq0",
  "fields": {
    "session_data": ".eJxVjjsOwjAQRO_iGlm7_gSHkp4zWOtdmwRQLMVJhbg7iZQC2nkzT_NWkdZliGvLcxxFXRSq02-WiJ952oE8aLpXzXVa5jHpvaIP2vStSn5dj-6fYKA2bOtOhL0U40LKWMS60NveWMNcCifrgQg7RDojQIBgTQfsyCcXMtjg0yatsxwnDX6-F9g73Q:1pglMz:NY-mThaFbCJyNEfo7ef-N1BNBZf828NfHFJpCEHLDYs",
    "expire_date": "2023-04-10T11:50:37.648Z"
  }
},
{
  "model": "sessions.session",
  "pk": "rbktc3jr0ywfd2rx2zo9hi2uad85nh16",
  "fields": {
    "session_data": "eyJjYXJ0Ijp7fX0:1poIbC:wdkqUpXDGw8LlLrhlT5cT6Xt8DgIXMX6LS4KRfg6sE4",
    "expire_date": "2023-05-01T06:44:26.959Z"
  }
},
{
  "model": "sessions.session",
  "pk": "scm4zf0dcqgdjvi2c3o8dis3f9stmqvj",
  "fields": {
    "session_data": "eyJvcmRlcl9pZCI6MTAyLCJjYXJ0Ijp7IjUiOnsicXVhbnRpdHkiOjEsInByaWNlIjoiMzk5LjAwIn19fQ:1pomsI:yFDEdLERJFfmO4bhQ_aGwTPS7q0FU_Ec9bOuftBc5OI",
    "expire_date": "2023-05-02T15:04:06.222Z"
  }
}
]
